,degree,in_degree,out_degree,betweenness,harmonic_closeness,pagerank,eigenvector,k_core,clustering
1973_ramir44948,1,1,0,0.0,1.0,0.0013690157407307154,2.62540494931669e-07,1,0
24HorasTVN,1,0,1,0.0,0.0,0.0011290390375732714,1.0939187288819542e-08,1,0
24Horas_TVM,2,0,2,0.0,0.0,0.0011290390375732714,1.0939187288819542e-08,2,0
2paumynn,0,0,0,0.0,0.0,0.0011290390375732714,1.0939187288819542e-08,0,0
5opermi,1,0,1,0.0,0.0,0.0011290390375732714,1.0939187288819542e-08,1,0
6sergioad9,0,0,0,0.0,0.0,0.0011290390375732714,1.0939187288819542e-08,0,0
73_wally,1,0,1,0.0,0.0,0.0011290390375732714,1.0939187288819542e-08,1,0
83Patricio,1,1,0,0.0,1.0,0.0012890235063449007,2.62540494931669e-07,1,0
85Estebancer,1,1,0,0.0,1.0,0.00144900797511653,2.62540494931669e-07,1,0
AAutodidacta,1,1,0,0.0,1.0,0.0011600037734645545,2.62540494931669e-07,1,0
AFitzcarraldo,1,1,0,0.0,1.0,0.00144900797511653,2.62540494931669e-07,1,0
ARetamalZ,1,1,0,0.0,1.0,0.002088945850203048,2.62540494931669e-07,1,0
AXELKAISER,1,0,1,0.0,0.0,0.0011290390375732714,1.0939187288819542e-08,1,0
A__Senna,1,1,0,0.0,1.0,0.002088945850203048,2.62540494931669e-07,1,0
AdrianUrrutia0k,1,1,0,0.0,1.0,0.0012490273891519934,2.62540494931669e-07,1,0
AdrianaValdes8,1,0,1,0.0,0.0,0.0011290390375732714,1.0939187288819542e-08,1,0
AlbertoMayol,1,0,1,0.0,0.0,0.0011290390375732714,1.0939187288819542e-08,1,0
AlejandroVNorte,1,1,0,0.0,1.0,0.0013690157407307154,2.62540494931669e-07,1,0
AlfreMondragon,1,0,1,0.0,0.0,0.0011290390375732714,1.0939187288819542e-08,1,0
AmanecerLiberta,1,1,0,0.0,1.0,0.002088945850203048,2.62540494931669e-07,1,0
AnaLauraRoman,1,0,1,0.0,0.0,0.0011290390375732714,1.0939187288819542e-08,1,0
AndreaAlvarezAA,1,1,0,0.0,1.0,0.002088945850203048,2.62540494931669e-07,1,0
AndreaChavezTre,2,0,2,0.0,0.0,0.0011290390375732714,1.0939187288819542e-08,1,0
AndreaMarGon_,1,1,0,0.0,1.5,0.0013753675970520213,3.0301548790030126e-06,1,0
AndresAH1984,2,2,0,0.0,2.0,0.002408914787746307,5.141418025745184e-07,1,0
AntonioCR1974,1,1,0,0.0,1.0,0.002088945850203048,2.62540494931669e-07,1,0
Apapell,1,0,1,0.0,0.0,0.0011290390375732714,1.0939187288819542e-08,1,0
Aquelarre118,1,1,0,0.0,1.0,0.00144900797511653,2.62540494931669e-07,1,0
AreliPaz,1,0,1,0.0,0.0,0.0011290390375732714,1.0939187288819542e-08,1,0
AristeguiOnline,1,0,1,0.0,0.0,0.0011290390375732714,1.0939187288819542e-08,1,0
ArrepentidosLLA,6,1,5,1.2617659676483206e-05,1.0,0.00144900797511653,2.62540494931669e-07,1,0
ArtemEnbaja,1,1,0,0.0,1.0,0.002088945850203048,2.62540494931669e-07,1,0
ArtemJoyero1,1,1,0,0.0,1.0,0.002088945850203048,2.62540494931669e-07,1,0
ArturoVill7,1,0,1,0.0,0.0,0.0011290390375732714,1.0939187288819542e-08,1,0
Avillegas_80,1,1,0,0.0,4.5,0.0016417736854249815,1.9635841183431068e-05,1,0
Azul2Rc,1,0,1,0.0,0.0,0.0011290390375732714,1.0939187288819542e-08,1,0
BancandoTatoski,1,1,0,0.0,1.0,0.002088945850203048,2.62540494931669e-07,1,0
BartoloOpina,1,1,0,0.0,1.0,0.002088945850203048,2.62540494931669e-07,1,0
Bati_Yois,1,1,0,0.0,1.0,0.0011600037734645545,2.62540494931669e-07,1,0
BenavidesMunoz,1,1,0,0.0,1.0,0.0013690157407307154,2.62540494931669e-07,1,0
BetoMendeleiev_,1,0,1,0.0,0.0,0.0011290390375732714,1.0939187288819542e-08,1,0
Betocoralg,1,1,0,0.0,1.0,0.002088945850203048,2.62540494931669e-07,1,0
BioSaura,1,1,0,0.0,1.0,0.002088945850203048,2.62540494931669e-07,1,0
BiondiniCesar,1,0,1,0.0,0.0,0.0011290390375732714,1.0939187288819542e-08,1,0
BlondeBombCLP,1,1,0,0.0,1.0,0.0016089924438881596,2.62540494931669e-07,1,0
Blue_Dani_,1,0,1,0.0,0.0,0.0011290390375732714,1.0939187288819542e-08,1,0
BotCheckerCL,6,4,2,1.8926489514724808e-05,4.0,0.003848775006690972,1.0173444178602173e-06,2,0
BotDe20Millones,1,1,0,0.0,1.0,0.0016089924438881596,2.62540494931669e-07,1,0
Brismall,1,1,0,0.0,1.5,0.0029041538044949694,3.0301548790030126e-06,1,0
CFKArgentina,3,0,3,0.0,0.0,0.0011290390375732714,1.0939187288819542e-08,1,0
CNNChile,31,0,31,0.0,0.0,0.0011290390375732714,1.0939187288819542e-08,3,0
CTercermundista,1,0,1,0.0,0.0,0.0011290390375732714,1.0939187288819542e-08,1,0
Cambiadechannel,1,0,1,0.0,0.0,0.0011290390375732714,1.0939187288819542e-08,1,0
Camilo_Tavi,1,1,0,0.0,1.0,0.002088945850203048,2.62540494931669e-07,1,0
CamusdeAcuario4,1,1,0,0.0,1.0,0.002088945850203048,2.62540494931669e-07,1,0
Canal_de_JP,1,1,0,0.0,3.0,0.0014161668394958823,0.22941135219366288,1,0
Canallalibertar,1,1,0,0.0,1.0,0.002088945850203048,2.62540494931669e-07,1,0
Caplevi1540,4,4,0,0.0,4.0,0.0015666309649257793,1.0173444178602173e-06,3,0
CarlosMaslaton,4,3,1,1.5141191611779846e-05,4.333333333333334,0.004691606940042178,2.567427256685947e-05,1,0
CarlosTorresF_,1,0,1,0.0,0.0,0.0011290390375732714,1.0939187288819542e-08,1,0
Carloszzasa,1,0,1,0.0,0.0,0.0011290390375732714,1.0939187288819542e-08,1,0
Caroefi80,1,1,0,0.0,1.0,0.002088945850203048,2.62540494931669e-07,1,0
Carolina_Toha,3,0,3,0.0,0.0,0.0011290390375732714,1.0939187288819542e-08,1,0
Carolnauta,1,1,0,0.0,1.0,0.00144900797511653,2.62540494931669e-07,1,0
CarvalloCuevas,0,0,0,0.0,0.0,0.0011290390375732714,1.0939187288819542e-08,0,0
CataVelascoK,2,2,0,0.0,2.0,0.0017156487564025794,5.141418025745184e-07,2,0
CatalinaSuarezB,1,0,1,0.0,0.0,0.0011290390375732714,1.0939187288819542e-08,1,0
Catalina_valpo,1,1,0,0.0,1.0,0.001235695350087691,2.62540494931669e-07,1,0
Chaarlybenites,1,1,0,0.0,1.0,0.00144900797511653,2.62540494931669e-07,1,0
Cheetosdebol1ta,0,0,0,0.0,0.0,0.0011290390375732714,1.0939187288819542e-08,0,0
ChilePortadas,1,0,1,0.0,0.0,0.0011290390375732714,1.0939187288819542e-08,1,0
ClaudiaWitte7,1,1,0,0.0,1.0,0.001209031271959086,2.62540494931669e-07,1,0
ClaudioCrespoG,2,2,0,0.0,2.0,0.002119910586094331,5.141418025745184e-07,1,0
ClaudiodeSanM10,1,1,0,0.0,1.0,0.002088945850203048,2.62540494931669e-07,1,0
Colo_Skywalker,1,1,0,0.0,1.0,0.002088945850203048,2.62540494931669e-07,1,0
ConySchon,1,0,1,0.0,0.0,0.0011290390375732714,1.0939187288819542e-08,1,0
Cooperativa,4,0,4,0.0,0.0,0.0011290390375732714,1.0939187288819542e-08,2,0
Corneliodelp,1,1,0,0.0,1.0,0.002088945850203048,2.62540494931669e-07,1,0
CriminalMental,1,1,0,0.0,1.0,0.0011890332133626324,2.62540494931669e-07,1,0
CristianGeo7,1,0,1,0.0,0.0,0.0011290390375732714,1.0939187288819542e-08,1,0
Cristobal_Oli,1,1,0,0.0,1.0,0.002088945850203048,2.62540494931669e-07,1,0
CsardeIta2,1,0,1,0.0,0.0,0.0011290390375732714,1.0939187288819542e-08,1,0
CuevasUrzua,1,1,0,0.0,3.0,0.0014161668394958823,0.22941135219366288,1,0
DFinanciero,2,0,2,0.0,0.0,0.0011290390375732714,1.0939187288819542e-08,2,0
DMatamala,3,0,3,0.0,0.0,0.0011290390375732714,1.0939187288819542e-08,2,0
DRESTRUM__Pl,12,6,6,0.0001314339549633667,7.166666666666667,0.002661513617569429,0.22941188821384,3,0
DaJaque29,0,0,0,0.0,0.0,0.0011290390375732714,1.0939187288819542e-08,0,0
DalasReview,3,3,0,0.0,3.0,0.004008759475462602,7.657431102173682e-07,1,0
DamAguirreOk,1,1,0,0.0,1.5,0.0013753675970520213,3.0301548790030126e-06,1,0
Dami_Grama,1,0,1,0.0,0.0,0.0011290390375732714,1.0939187288819542e-08,1,0
DarkoPeric_,1,1,0,0.0,1.0,0.002088945850203048,2.62540494931669e-07,1,0
Darth_Sidious3,1,1,0,0.0,1.0,0.002088945850203048,2.62540494931669e-07,1,0
DatosAme24,1,0,1,0.0,0.0,0.0011290390375732714,1.0939187288819542e-08,1,0
DaunoTotoro,1,0,1,0.0,0.0,0.0011290390375732714,1.0939187288819542e-08,1,0
DianaKarinaBa,1,0,1,0.0,0.0,0.0011290390375732714,1.0939187288819542e-08,1,0
DianiTheWarrior,1,1,0,0.0,1.0,0.002088945850203048,2.62540494931669e-07,1,0
Diegllll2,1,0,1,0.0,0.0,0.0011290390375732714,1.0939187288819542e-08,1,0
DiegoMac227,1,1,0,0.0,1.0,0.0012490273891519934,2.62540494931669e-07,1,0
Diego_Schalper,2,0,2,0.0,0.0,0.0011290390375732714,1.0939187288819542e-08,2,0
Diego_Vitale11,1,1,0,0.0,1.0,0.002088945850203048,2.62540494931669e-07,1,0
DonDisperso,2,2,0,0.0,2.0,0.002119910586094331,5.141418025745184e-07,1,0
DrPrimus_,1,1,0,0.0,1.5,0.0013753675970520213,3.0301548790030126e-06,1,0
Dr_GaIIardo,1,0,1,0.0,0.0,0.0011290390375732714,1.0939187288819542e-08,1,0
EAdamovsky,1,0,1,0.0,0.0,0.0011290390375732714,1.0939187288819542e-08,1,0
EVELINSCHIMM,1,1,0,0.0,1.0,0.002088945850203048,2.62540494931669e-07,1,0
Edgar_VotaJara,1,1,0,0.0,1.0,0.0011890332133626324,2.62540494931669e-07,1,0
EdisonBedoya21,1,1,0,0.0,2.5,0.0033796917778319223,8.565383647145704e-06,1,0
Editor_76,1,0,1,0.0,0.0,0.0011290390375732714,1.0939187288819542e-08,1,0
Eduardo37752765,1,1,0,0.0,1.0,0.002088945850203048,2.62540494931669e-07,1,0
Educaciongrat,1,1,0,0.0,1.0,0.0011890332133626324,2.62540494931669e-07,1,0
ElCautiv0,2,2,0,0.0,2.0,0.003048852662832825,5.141418025745184e-07,1,0
ElLauchaOkey,1,0,1,0.0,0.0,0.0011290390375732714,1.0939187288819542e-08,1,0
ElMisterPeri,1,1,0,0.0,1.0,0.0013690157407307154,2.62540494931669e-07,1,0
ElTrumpista,1,1,0,0.0,1.0,0.002088945850203048,2.62540494931669e-07,1,0
El_Tommy85,1,0,1,0.0,0.0,0.0011290390375732714,1.0939187288819542e-08,1,0
ElianaCere,1,1,0,0.0,1.0,0.002088945850203048,2.62540494931669e-07,1,0
EncuestasChil10,1,0,1,0.0,0.0,0.0011290390375732714,1.0939187288819542e-08,1,0
EpubliR,1,1,0,0.0,1.0,0.0013210204000992265,2.62540494931669e-07,1,0
Erika_Velasco_,1,0,1,0.0,0.0,0.0011290390375732714,1.0939187288819542e-08,1,0
Espertma_,3,1,2,5.047063870593282e-06,1.0,0.002088945850203048,2.62540494931669e-07,1,0
EstebanMerchan7,1,1,0,0.0,1.0,0.002088945850203048,2.62540494931669e-07,1,0
EstebanOrtizMD,1,0,1,0.0,0.0,0.0011290390375732714,1.0939187288819542e-08,1,0
EstebanPaulon,1,0,1,0.0,0.0,0.0011290390375732714,1.0939187288819542e-08,1,0
FRM87,1,1,0,0.0,1.0,0.002088945850203048,2.62540494931669e-07,1,0
FernandoAM1,1,1,0,0.0,1.0,0.0011600037734645545,2.62540494931669e-07,1,0
FernandoLealA,2,2,0,0.0,2.0,0.003048852662832825,5.141418025745184e-07,1,0
FlorMar91839709,1,1,0,0.0,1.0,0.00144900797511653,2.62540494931669e-07,1,0
ForgetKmilo,1,1,0,0.0,1.0,0.001235695350087691,2.62540494931669e-07,1,0
Foro_MAD,0,0,0,0.0,0.0,0.0011290390375732714,1.0939187288819542e-08,0,0
FuckLeft_,1,0,1,0.0,0.0,0.0011290390375732714,1.0939187288819542e-08,1,0
Funesta,1,1,0,0.0,1.0,0.002088945850203048,2.62540494931669e-07,1,0
GL0SSMYLARG0,1,1,0,0.0,1.0,0.0016089924438881596,2.62540494931669e-07,1,0
GabrielBoric,4,0,4,0.0,0.0,0.0011290390375732714,1.0939187288819542e-08,1,0
Gerdan688272,1,1,0,0.0,1.0,0.0013690157407307154,2.62540494931669e-07,1,0
Gilraen13,1,1,0,0.0,1.0,0.002088945850203048,2.62540494931669e-07,1,0
GiovannyEnciso,1,1,0,0.0,1.0,0.002088945850203048,2.62540494931669e-07,1,0
GobiernodeChile,1,0,1,0.0,0.0,0.0011290390375732714,1.0939187288819542e-08,1,0
GradeGeorge,1,0,1,0.0,0.0,0.0011290390375732714,1.0939187288819542e-08,1,0
Grecoh28,1,1,0,0.0,1.0,0.002088945850203048,2.62540494931669e-07,1,0
Gronow66,1,1,0,0.0,1.0,0.0011600037734645545,2.62540494931669e-07,1,0
GuilleRusso,1,1,0,0.0,1.0,0.002088945850203048,2.62540494931669e-07,1,0
GuillemCristo,1,1,0,0.0,1.0,0.002088945850203048,2.62540494931669e-07,1,0
GustavoRocMtz,2,2,0,0.0,2.0,0.0025688992565179366,5.141418025745184e-07,1,0
H3ktor14,1,1,0,0.0,1.0,0.002088945850203048,2.62540494931669e-07,1,0
HAGOV_Morenista,1,1,0,0.0,1.0,0.002088945850203048,2.62540494931669e-07,1,0
HOLLMANMORRIS,1,0,1,0.0,0.0,0.0011290390375732714,1.0939187288819542e-08,1,0
HQGatica,1,1,0,0.0,1.0,0.0013690157407307154,2.62540494931669e-07,1,0
Hachita1212,1,0,1,0.0,0.0,0.0011290390375732714,1.0939187288819542e-08,1,0
HadesFFGC,1,1,0,0.0,1.0,0.00144900797511653,2.62540494931669e-07,1,0
Hanzinho,1,0,1,0.0,0.0,0.0011290390375732714,1.0939187288819542e-08,1,0
HeliaMolina_M,2,2,0,0.0,2.0,0.003048852662832825,5.141418025745184e-07,1,0
HernanLarrain,3,0,3,0.0,0.0,0.0011290390375732714,1.0939187288819542e-08,1,0
HispaniaeInsurr,1,1,0,0.0,1.0,0.0013210204000992265,2.62540494931669e-07,1,0
IglesiasJulio87,1,0,1,0.0,0.0,0.0011290390375732714,1.0939187288819542e-08,1,0
IgualdadPartido,1,0,1,0.0,0.0,0.0011290390375732714,1.0939187288819542e-08,1,0
IndeaGopanda,1,1,0,0.0,1.0,0.002088945850203048,2.62540494931669e-07,1,0
InfinitaFM,1,0,1,0.0,0.0,0.0011290390375732714,1.0939187288819542e-08,1,0
Info_War_Chile,2,0,2,0.0,0.0,0.0011290390375732714,1.0939187288819542e-08,1,0
Informa3Chile,8,5,3,3.427797545444604e-05,5.0,0.003502654761752351,1.2689457255030662e-06,3,0
InformaCosmos,1,0,1,0.0,0.0,0.0011290390375732714,1.0939187288819542e-08,1,0
Inspectorvalle2,0,0,0,0.0,0.0,0.0011290390375732714,1.0939187288819542e-08,0,0
IreneVelezT,3,0,3,0.0,0.0,0.0011290390375732714,1.0939187288819542e-08,1,0
IrinaKaramanos,2,1,1,2.523531935296641e-06,1.0,0.002088945850203048,2.62540494931669e-07,1,0
IrvingGatell,1,1,0,0.0,1.0,0.002088945850203048,2.62540494931669e-07,1,0
IsaC_Chile,1,1,0,0.0,3.0,0.0027638703791350474,1.1332998031217043e-05,1,0
IsaacVtuber11,1,1,0,0.0,1.0,0.002088945850203048,2.62540494931669e-07,1,0
Ivy_Cangaro,1,1,0,0.0,1.0,0.0012490273891519934,2.62540494931669e-07,1,0
JEESxorcismo,1,1,0,0.0,1.0,0.002088945850203048,2.62540494931669e-07,1,0
JIrarrazavalR,1,0,1,0.0,0.0,0.0011290390375732714,1.0939187288819542e-08,1,0
JKPolloProgre,1,1,0,0.0,4.5,0.0016417736854249815,1.9635841183431068e-05,1,0
JMdel38,5,4,1,1.0094127741186564e-05,4.0,0.0015666309649257793,1.0173444178602173e-06,3,0
JMilei,8,0,8,0.0,0.0,0.0011290390375732714,1.0939187288819542e-08,1,0
JPSanhuezaT,1,1,0,0.0,1.0,0.0011600037734645545,2.62540494931669e-07,1,0
JS_Chile,1,0,1,0.0,0.0,0.0011290390375732714,1.0939187288819542e-08,1,0
JackSpartanXX,6,6,0,0.0,6.0,0.006888479913351932,1.5205470331459153e-06,1,0
JackedIn,1,1,0,0.0,1.0,0.0011600037734645545,2.62540494931669e-07,1,0
JaimeCCS,1,1,0,0.0,1.0,0.0016089924438881596,2.62540494931669e-07,1,0
JaraNosUne,1,0,1,0.0,0.0,0.0011290390375732714,1.0939187288819542e-08,1,0
JeanIniguezM,1,1,0,0.0,1.0,0.00144900797511653,2.62540494931669e-07,1,0
Jestrada05S,1,1,0,0.0,1.0,0.00144900797511653,2.62540494931669e-07,1,0
JimmyPsicol,1,1,0,0.0,1.0,0.002088945850203048,2.62540494931669e-07,1,0
Jingwas_N,1,1,0,0.0,1.0,0.0013690157407307154,2.62540494931669e-07,1,0
Johnenladeep,1,1,0,0.0,2.0,0.0014568883924812133,5.797769263074357e-06,1,0
JonatanViale,1,0,1,0.0,0.0,0.0011290390375732714,1.0939187288819542e-08,1,0
Jorge_BastidasR,0,0,0,0.0,0.0,0.0011290390375732714,1.0939187288819542e-08,0,0
Jos3fita_,1,1,0,0.0,1.0,0.001235695350087691,2.62540494931669e-07,1,0
JoseCuelloB,1,1,0,0.0,1.0,0.001209031271959086,2.62540494931669e-07,1,0
JosefinaAlvar90,1,1,0,0.0,1.0,0.002088945850203048,2.62540494931669e-07,1,0
JosuePereire,1,1,0,0.0,3.0,0.0024605740282908745,1.1332998031217043e-05,1,0
Jou_Kaiser,12,4,8,0.00013879425644131526,4.0,0.0027038750965318096,0.22941138501122474,2,0
JoviNomas,1,1,0,0.0,1.0,0.0011600037734645545,2.62540494931669e-07,1,0
Ju4nchii_,1,1,0,0.0,1.5,0.0020165964210341206,3.0301548790030126e-06,1,0
JuanKBarth1,2,2,0,0.0,2.0,0.002408914787746307,5.141418025745184e-07,1,0
JuanitaGomezL,1,0,1,0.0,0.0,0.0011290390375732714,1.0939187288819542e-08,1,0
Juanito7magic32,1,1,0,0.0,1.0,0.002088945850203048,2.62540494931669e-07,1,0
JulianMaciasT,0,0,0,0.0,0.0,0.0011290390375732714,1.0939187288819542e-08,0,0
Julxco,1,1,0,0.0,1.0,0.002088945850203048,2.62540494931669e-07,1,0
KLea79107265,1,1,0,0.0,1.0,0.001209031271959086,2.62540494931669e-07,1,0
KarlaMaEstrella,1,0,1,0.0,0.0,0.0011290390375732714,1.0939187288819542e-08,1,0
KarolCariola,1,0,1,0.0,0.0,0.0011290390375732714,1.0939187288819542e-08,1,0
KastEmperador,1,1,0,0.0,4.833333333333333,0.0015058801402937302,0.22941688742243102,1,0
Kasterizador,5,5,0,0.0,5.0,0.003469324664091595,1.2689457255030662e-06,2,0
KatKanada_TM,1,0,1,0.0,0.0,0.0011290390375732714,1.0939187288819542e-08,1,0
Katerinnnn_1702,1,1,0,0.0,1.0,0.002088945850203048,2.62540494931669e-07,1,0
Kein_Sylvan,1,1,0,0.0,1.0,0.002088945850203048,2.62540494931669e-07,1,0
KekaBasualdo,1,1,0,0.0,3.0,0.0014161668394958823,0.22941135219366288,1,0
KikoMatamoros,1,0,1,0.0,0.0,0.0011290390375732714,1.0939187288819542e-08,1,0
Klubbex,1,1,0,0.0,1.0,0.0016089924438881596,2.62540494931669e-07,1,0
LANACION,1,0,1,0.0,0.0,0.0011290390375732714,1.0939187288819542e-08,1,0
LDavidCL_,1,1,0,0.0,1.0,0.0011890332133626324,2.62540494931669e-07,1,0
LEOARCHILE,1,1,0,0.0,1.0,0.002088945850203048,2.62540494931669e-07,1,0
LaBelgrana,1,0,1,0.0,0.0,0.0011290390375732714,1.0939187288819542e-08,1,0
LaInca_,1,0,1,0.0,0.0,0.0011290390375732714,1.0939187288819542e-08,1,0
LaKretiOFF,1,1,0,0.0,1.0,0.002088945850203048,2.62540494931669e-07,1,0
LaMatriota,1,0,1,0.0,0.0,0.0011290390375732714,1.0939187288819542e-08,1,0
LaTrujo,1,1,0,0.0,1.0,0.002088945850203048,2.62540494931669e-07,1,0
LaVonHayek,1,1,0,0.0,1.0,0.002088945850203048,2.62540494931669e-07,1,0
La_Segunda,3,0,3,0.0,0.0,0.0011290390375732714,1.0939187288819542e-08,2,0
La_SemiYA_dl_VD,1,1,0,0.0,1.0,0.002088945850203048,2.62540494931669e-07,1,0
LarryLu20942400,1,1,0,0.0,1.0,0.002088945850203048,2.62540494931669e-07,1,0
Lautafym,1,0,1,0.0,0.0,0.0011290390375732714,1.0939187288819542e-08,1,0
Lettus_Maglio,8,8,0,0.0,8.0,0.003426963185129215,2.0237496484316115e-06,3,0
LiaDacosta_27,1,1,0,0.0,1.0,0.0011600037734645545,2.62540494931669e-07,1,0
LoloMino,1,1,0,0.0,1.0,0.002088945850203048,2.62540494931669e-07,1,0
LucyHerSan,2,2,0,0.0,2.0,0.0016828314294750656,5.141418025745184e-07,2,0
LuisCepeda,1,1,0,0.0,1.0,0.0016089924438881596,2.62540494931669e-07,1,0
LuisaAlcalde,1,0,1,0.0,0.0,0.0011290390375732714,1.0939187288819542e-08,1,0
LuzMaSierra,1,0,1,0.0,0.0,0.0011290390375732714,1.0939187288819542e-08,1,0
LyaGonzalez1,1,1,0,0.0,1.0,0.00144900797511653,2.62540494931669e-07,1,0
MOinternationa,1,1,0,0.0,1.0,0.001209031271959086,2.62540494931669e-07,1,0
MSEQUEYRO,1,1,0,0.0,1.0,0.002088945850203048,2.62540494931669e-07,1,0
M_Saredi,1,0,1,0.0,0.0,0.0011290390375732714,1.0939187288819542e-08,1,0
Maanuignacio,1,1,0,0.0,1.0,0.0011600037734645545,2.62540494931669e-07,1,0
Macarena_Olona,1,1,0,0.0,1.0,0.002088945850203048,2.62540494931669e-07,1,0
MackenzieKirc11,1,1,0,0.0,1.0,0.002088945850203048,2.62540494931669e-07,1,0
MadameSiimone,0,0,0,0.0,0.0,0.0011290390375732714,1.0939187288819542e-08,0,0
MahuPablo,2,2,0,0.0,3.5,0.0014901467709470438,0.22941088180860947,2,0
Mamertos0,1,0,1,0.0,0.0,0.0011290390375732714,1.0939187288819542e-08,1,0
MandrilandiaX,1,1,0,0.0,1.0,0.0012490273891519934,2.62540494931669e-07,1,0
Marcoos2_,1,0,1,0.0,0.0,0.0011290390375732714,1.0939187288819542e-08,1,0
MarculiTime,1,0,1,0.0,0.0,0.0011290390375732714,1.0939187288819542e-08,1,0
Margaritarosadf,1,0,1,0.0,0.0,0.0011290390375732714,1.0939187288819542e-08,1,0
Maria_Marcela,1,1,0,0.0,1.0,0.002088945850203048,2.62540494931669e-07,1,0
Mark1FuerzaG,1,1,0,0.0,1.0,0.002088945850203048,2.62540494931669e-07,1,0
MartaNebot,1,0,1,0.0,0.0,0.0011290390375732714,1.0939187288819542e-08,1,0
MartinDandach,1,1,0,0.0,1.0,0.0012490273891519934,2.62540494931669e-07,1,0
Martin_M_Guzman,1,0,1,0.0,0.0,0.0011290390375732714,1.0939187288819542e-08,1,0
Martinminguchi,1,1,0,0.0,1.0,0.002088945850203048,2.62540494931669e-07,1,0
MartnKohan1,1,1,0,0.0,1.0,0.002088945850203048,2.62540494931669e-07,1,0
MartnPeiretti1,1,1,0,0.0,1.0,0.002088945850203048,2.62540494931669e-07,1,0
MashiRafael,3,0,3,0.0,0.0,0.0011290390375732714,1.0939187288819542e-08,1,0
Matador000,2,0,2,0.0,0.0,0.0011290390375732714,1.0939187288819542e-08,1,0
MateconMote,2,1,1,2.523531935296641e-06,1.0,0.0012490273891519934,2.62540494931669e-07,1,0
MateoCanulli3,1,1,0,0.0,1.0,0.002088945850203048,2.62540494931669e-07,1,0
MathiasMonges10,1,1,0,0.0,1.0,0.002088945850203048,2.62540494931669e-07,1,0
MatiAromi,7,2,5,2.5235319352966412e-05,2.0,0.0019289613814314184,5.141418025745184e-07,1,0
MatiLara14,1,1,0,0.0,1.0,0.00144900797511653,2.62540494931669e-07,1,0
MatiasF_24,1,1,0,0.0,1.0,0.002088945850203048,2.62540494931669e-07,1,0
MatiasGarate15,1,1,0,0.0,1.0,0.002088945850203048,2.62540494931669e-07,1,0
MatiasGavioes,1,1,0,0.0,1.0,0.002088945850203048,2.62540494931669e-07,1,0
MatronaClau,1,1,0,0.0,3.0,0.0014161668394958823,0.22941135219366288,1,0
MattoneFabian,0,0,0,0.0,0.0,0.0011290390375732714,1.0939187288819542e-08,0,0
MaturanaRM,1,1,0,0.0,1.0,0.002088945850203048,2.62540494931669e-07,1,0
Matyzze,1,1,0,0.0,1.0,0.002088945850203048,2.62540494931669e-07,1,0
MauroFdz,3,0,3,0.0,0.0,0.0011290390375732714,1.0939187288819542e-08,1,0
MdeFrancisco12,1,0,1,0.0,0.0,0.0011290390375732714,1.0939187288819542e-08,1,0
Mecha_corta29,2,2,0,0.0,2.0,0.0017156487564025794,5.141418025745184e-07,1,0
MedicoLiberdade,1,0,1,0.0,0.0,0.0011290390375732714,1.0939187288819542e-08,1,0
MegafonoPopular,1,1,0,0.0,1.0,0.001235695350087691,2.62540494931669e-07,1,0
Meruanista,1,1,0,0.0,1.0,0.001235695350087691,2.62540494931669e-07,1,0
Metazoario,1,1,0,0.0,1.0,0.002088945850203048,2.62540494931669e-07,1,0
MexJames,1,0,1,0.0,0.0,0.0011290390375732714,1.0939187288819542e-08,1,0
Michel_Salinas,1,1,0,0.0,1.0,0.002088945850203048,2.62540494931669e-07,1,0
MinMujeryEG,1,0,1,0.0,0.0,0.0011290390375732714,1.0939187288819542e-08,1,0
Mirko1122011,1,0,1,0.0,0.0,0.0011290390375732714,1.0939187288819542e-08,1,0
Missmelindres,1,1,0,0.0,1.0,0.001209031271959086,2.62540494931669e-07,1,0
Monicao2712,1,0,1,0.0,0.0,0.0011290390375732714,1.0939187288819542e-08,1,0
MuniNunoa,1,0,1,0.0,0.0,0.0011290390375732714,1.0939187288819542e-08,1,0
Mynestrillas,1,1,0,0.0,1.0,0.002088945850203048,2.62540494931669e-07,1,0
NacionPaisa,1,0,1,0.0,0.0,0.0011290390375732714,1.0939187288819542e-08,1,0
NicoSantillan85,1,1,0,0.0,1.5,0.0029041538044949694,3.0301548790030126e-06,1,0
Niobe_sub0,1,1,0,0.0,1.0,0.002088945850203048,2.62540494931669e-07,1,0
Ojo_Kritico,1,0,1,0.0,0.0,0.0011290390375732714,1.0939187288819542e-08,1,0
OliverGonzalezV,1,1,0,0.0,1.0,0.002088945850203048,2.62540494931669e-07,1,0
Onfirereal2012,1,1,0,0.0,1.0,0.0011890332133626324,2.62540494931669e-07,1,0
PETRIIISTAAAAS,2,2,0,0.0,2.0,0.002168938084588863,5.141418025745184e-07,1,0
PRChile,1,0,1,0.0,0.0,0.0011290390375732714,1.0939187288819542e-08,1,0
Palempty,1,1,0,0.0,1.0,0.0012490273891519934,2.62540494931669e-07,1,0
PamCerdeira,1,0,1,0.0,0.0,0.0011290390375732714,1.0939187288819542e-08,1,0
PamJiles,2,1,1,1.2617659676483206e-05,3.0,0.0014161668394958823,0.22941135219366288,1,0
Pastibord,1,1,0,0.0,1.0,0.002088945850203048,2.62540494931669e-07,1,0
PinoKiefer,1,1,0,0.0,1.0,0.002088945850203048,2.62540494931669e-07,1,0
PitonGigaton,1,1,0,0.0,1.0,0.0016089924438881596,2.62540494931669e-07,1,0
PizarroMariaJo,1,0,1,0.0,0.0,0.0011290390375732714,1.0939187288819542e-08,1,0
PortillogMayra,1,0,1,0.0,0.0,0.0011290390375732714,1.0939187288819542e-08,1,0
PotusAmarillo,0,0,0,0.0,0.0,0.0011290390375732714,1.0939187288819542e-08,0,0
QuemaBosque,1,0,1,0.0,0.0,0.0011290390375732714,1.0939187288819542e-08,1,0
QuinteroCalle,1,0,1,0.0,0.0,0.0011290390375732714,1.0939187288819542e-08,1,0
RAMSESTX,1,1,0,0.0,1.0,0.002088945850203048,2.62540494931669e-07,1,0
RAlvarezDelgado,1,1,0,0.0,1.0,0.002088945850203048,2.62540494931669e-07,1,0
RBarraza14,1,1,0,0.0,4.833333333333333,0.0015058801402937302,0.22941688742243102,1,0
RConstanzaB,2,0,2,0.0,0.0,0.0011290390375732714,1.0939187288819542e-08,1,0
RNchile,1,0,1,0.0,0.0,0.0011290390375732714,1.0939187288819542e-08,1,0
RRueda_Ermel,1,0,1,0.0,0.0,0.0011290390375732714,1.0939187288819542e-08,1,0
RSWeones,1,0,1,0.0,0.0,0.0011290390375732714,1.0939187288819542e-08,1,0
RamiroBejaranoG,1,0,1,0.0,0.0,0.0011290390375732714,1.0939187288819542e-08,1,0
RenzoMPantich,1,0,1,0.0,0.0,0.0011290390375732714,1.0939187288819542e-08,1,0
Rincon001A,1,1,0,0.0,1.0,0.002088945850203048,2.62540494931669e-07,1,0
RobertoMerken,11,7,4,6.456035867800575e-05,7.0,0.002413728216242227,1.7721483407887634e-06,3,0
Rockomodernlif3,0,0,0,0.0,0.0,0.0011290390375732714,1.0939187288819542e-08,0,0
RodrigoSafdiye,1,1,0,0.0,1.0,0.0016089924438881596,2.62540494931669e-07,1,0
RodriguezManuel,1,1,0,0.0,1.0,0.002088945850203048,2.62540494931669e-07,1,0
RovegnoTir6824,1,0,1,0.0,0.0,0.0011290390375732714,1.0939187288819542e-08,1,0
RutaKritica,1,0,1,0.0,0.0,0.0011290390375732714,1.0939187288819542e-08,1,0
S23Alejandro,1,1,0,0.0,2.0,0.0014568883924812133,5.797769263074357e-06,1,0
SDo2023,1,1,0,0.0,1.0,0.002088945850203048,2.62540494931669e-07,1,0
SGF76717518,1,1,0,0.0,4.5,0.0016417736854249815,1.9635841183431068e-05,1,0
SQP_oficial,1,0,1,0.0,0.0,0.0011290390375732714,1.0939187288819542e-08,1,0
SS_Area51,1,1,0,0.0,1.0,0.002088945850203048,2.62540494931669e-07,1,0
SXTrece,1,1,0,0.0,1.0,0.002088945850203048,2.62540494931669e-07,1,0
S_Schwartzmann,1,0,1,0.0,0.0,0.0011290390375732714,1.0939187288819542e-08,1,0
SalvoMontalban6,1,1,0,0.0,1.0,0.002088945850203048,2.62540494931669e-07,1,0
Sanfeliu,0,0,0,0.0,0.0,0.0011290390375732714,1.0939187288819542e-08,0,0
SantarossaLM,1,1,0,0.0,1.0,0.002088945850203048,2.62540494931669e-07,1,0
Santetitas,2,0,2,0.0,0.0,0.0011290390375732714,1.0939187288819542e-08,1,0
SantiPenap,1,0,1,0.0,0.0,0.0011290390375732714,1.0939187288819542e-08,1,0
Santi_ABASCAL,5,0,5,0.0,0.0,0.0011290390375732714,1.0939187288819542e-08,1,0
Santiago8682,1,1,0,0.0,1.0,0.002088945850203048,2.62540494931669e-07,1,0
SantiagoCaputo_,1,0,1,0.0,0.0,0.0011290390375732714,1.0939187288819542e-08,1,0
Santibotero2026,1,0,1,0.0,0.0,0.0011290390375732714,1.0939187288819542e-08,1,0
SantosFdz,1,1,0,0.0,1.0,0.002088945850203048,2.62540494931669e-07,1,0
SebasteanoV,1,1,0,0.0,1.0,0.001235695350087691,2.62540494931669e-07,1,0
Sebasti45781359,2,2,0,0.0,4.0,0.0017361357770391411,0.22941160379497053,2,0
SergioChouza,1,0,1,0.0,0.0,0.0011290390375732714,1.0939187288819542e-08,1,0
SergioMassa,1,0,1,0.0,0.0,0.0011290390375732714,1.0939187288819542e-08,1,0
Sherpabaron,1,1,0,0.0,1.0,0.0013210204000992265,2.62540494931669e-07,1,0
SilvanaNHR,11,11,0,0.0,11.0,0.00622854397966896,2.778553571360163e-06,3,0
Sitlalo_Mapach,0,0,0,0.0,0.0,0.0011290390375732714,1.0939187288819542e-08,0,0
Sonia_Traga,1,1,0,0.0,1.5,0.0029041538044949694,3.0301548790030126e-06,1,0
SoyFeudaleM,1,0,1,0.0,0.0,0.0011290390375732714,1.0939187288819542e-08,1,0
SoyMmadrigal,0,0,0,0.0,0.0,0.0011290390375732714,1.0939187288819542e-08,0,0
Soy_Tu_Aji,1,1,0,0.0,1.0,0.002088945850203048,2.62540494931669e-07,1,0
SrLiberal,0,0,0,0.0,0.0,0.0011290390375732714,1.0939187288819542e-08,0,0
StatsMillo,1,0,1,0.0,0.0,0.0011290390375732714,1.0939187288819542e-08,1,0
StefanoLopezOk,1,1,0,0.0,1.0,0.002088945850203048,2.62540494931669e-07,1,0
Subero78,1,0,1,0.0,0.0,0.0011290390375732714,1.0939187288819542e-08,1,0
Sumtertius73,1,1,0,0.0,1.0,0.0016089924438881596,2.62540494931669e-07,1,0
SuperWubban,1,0,1,0.0,0.0,0.0011290390375732714,1.0939187288819542e-08,1,0
T13,9,0,9,0.0,0.0,0.0011290390375732714,1.0939187288819542e-08,2,0
TTendenciaX,1,0,1,0.0,0.0,0.0011290390375732714,1.0939187288819542e-08,1,0
TanoGiuliani,1,0,1,0.0,0.0,0.0011290390375732714,1.0939187288819542e-08,1,0
TonoArroyoS,1,0,1,0.0,0.0,0.0011290390375732714,1.0939187288819542e-08,1,0
TraductorTeAma,2,1,1,2.523531935296641e-06,1.0,0.002088945850203048,2.62540494931669e-07,1,0
Trumperizar,1,0,1,0.0,0.0,0.0011290390375732714,1.0939187288819542e-08,1,0
TugoNews,1,0,1,0.0,0.0,0.0011290390375732714,1.0939187288819542e-08,1,0
TuiteroMartin,0,0,0,0.0,0.0,0.0011290390375732714,1.0939187288819542e-08,0,0
Turfpremium,1,1,0,0.0,2.0,0.0014568883924812133,5.797769263074357e-06,1,0
Turgon1998,1,1,0,0.0,2.0,0.0014568883924812133,5.797769263074357e-06,1,0
Tv_Libertaria,1,1,0,0.0,1.0,0.00144900797511653,2.62540494931669e-07,1,0
UnViejoTwiter0,1,1,0,0.0,2.8333333333333335,0.0023334932679109173,0.22941063020730182,1,0
ValdebenitoNata,1,0,1,0.0,0.0,0.0011290390375732714,1.0939187288819542e-08,1,0
Victor06748201,1,0,1,0.0,0.0,0.0011290390375732714,1.0939187288819542e-08,1,0
ViejoLibertario,2,2,0,0.0,2.0,0.002168938084588863,5.141418025745184e-07,1,0
Waifu_Argentina,1,1,0,0.0,1.5,0.0020165964210341206,3.0301548790030126e-06,1,0
WalterMaciel15,1,1,0,0.0,1.0,0.002088945850203048,2.62540494931669e-07,1,0
WendigoUprising,2,2,0,0.0,4.5,0.002227601185853404,1.4352213722931242e-05,2,0
WernerPertot,0,0,0,0.0,0.0,0.0011290390375732714,1.0939187288819542e-08,0,0
White_Hunters,1,1,0,0.0,1.0,0.002088945850203048,2.62540494931669e-07,1,0
XFarmer1977,1,0,1,0.0,0.0,0.0011290390375732714,1.0939187288819542e-08,1,0
XochitlGalvez,1,0,1,0.0,0.0,0.0011290390375732714,1.0939187288819542e-08,1,0
YoBlumen,1,1,0,0.0,1.0,0.0011600037734645545,2.62540494931669e-07,1,0
ZuritaCarpio,1,0,1,0.0,0.0,0.0011290390375732714,1.0939187288819542e-08,1,0
_LauraDiMarco,1,0,1,0.0,0.0,0.0011290390375732714,1.0939187288819542e-08,1,0
_ceciliaD,1,1,0,0.0,1.0,0.0011600037734645545,2.62540494931669e-07,1,0
aargandonab,1,0,1,0.0,0.0,0.0011290390375732714,1.0939187288819542e-08,1,0
abogadabruna,1,1,0,0.0,1.0,0.0012890235063449007,2.62540494931669e-07,1,0
abrahamendieta,2,1,1,2.523531935296641e-06,1.0,0.002088945850203048,2.62540494931669e-07,1,0
adnradiochile,9,0,9,0.0,0.0,0.0011290390375732714,1.0939187288819542e-08,3,0
aesavgm,1,1,0,0.0,1.0,0.002088945850203048,2.62540494931669e-07,1,0
aetchebarne,1,1,0,0.0,1.0,0.002088945850203048,2.62540494931669e-07,1,0
agarra_pala,2,1,1,2.523531935296641e-06,1.0,0.002088945850203048,2.62540494931669e-07,1,0
agnostico161,1,1,0,0.0,1.0,0.002088945850203048,2.62540494931669e-07,1,0
alejasolano,1,1,0,0.0,1.0,0.002088945850203048,2.62540494931669e-07,1,0
alex_hurty,1,1,0,0.0,1.0,0.002088945850203048,2.62540494931669e-07,1,0
altashanta,2,2,0,0.0,2.0,0.003048852662832825,5.141418025745184e-07,1,0
alvaroelizalde,1,0,1,0.0,0.0,0.0011290390375732714,1.0939187288819542e-08,1,0
amorenoe,1,1,0,0.0,4.833333333333333,0.0015058801402937302,0.22941688742243102,1,0
andres20ad,2,2,0,0.0,2.0,0.0012666600859789741,5.141418025745184e-07,2,0
andresmego,1,1,0,0.0,3.4166666666666665,0.005114062378358371,0.00014417848846664158,1,0
anluma99,0,0,0,0.0,0.0,0.0011290390375732714,1.0939187288819542e-08,0,0
aquiradiomoscu,3,0,3,0.0,0.0,0.0011290390375732714,1.0939187288819542e-08,1,0
armesillaconde,1,0,1,0.0,0.0,0.0011290390375732714,1.0939187288819542e-08,1,0
arr1910,1,0,1,0.0,0.0,0.0011290390375732714,1.0939187288819542e-08,1,0
arturorp83,1,1,0,0.0,1.0,0.001235695350087691,2.62540494931669e-07,1,0
aurorasolar_,1,0,1,0.0,0.0,0.0011290390375732714,1.0939187288819542e-08,1,0
azucenau,1,0,1,0.0,0.0,0.0011290390375732714,1.0939187288819542e-08,1,0
barandista,0,0,0,0.0,0.0,0.0011290390375732714,1.0939187288819542e-08,0,0
basteiro,1,0,1,0.0,0.0,0.0011290390375732714,1.0939187288819542e-08,1,0
benjagonzaleze,1,1,0,0.0,1.0,0.0011600037734645545,2.62540494931669e-07,1,0
biobio,16,0,16,0.0,0.0,0.0011290390375732714,1.0939187288819542e-08,3,0
blueMulholland,1,1,0,0.0,1.0,0.002088945850203048,2.62540494931669e-07,1,0
botcitoar,1,1,0,0.0,1.0,0.002088945850203048,2.62540494931669e-07,1,0
boxcarter1,1,1,0,0.0,1.0,0.0011600037734645545,2.62540494931669e-07,1,0
cacacatalao,0,0,0,0.0,0.0,0.0011290390375732714,1.0939187288819542e-08,0,0
camila_musante,1,0,1,0.0,0.0,0.0011290390375732714,1.0939187288819542e-08,1,0
camila_vallejo,1,0,1,0.0,0.0,0.0011290390375732714,1.0939187288819542e-08,1,0
camilaemiliasv,1,0,1,0.0,0.0,0.0011290390375732714,1.0939187288819542e-08,1,0
camipaisa1,1,1,0,0.0,1.0,0.002088945850203048,2.62540494931669e-07,1,0
candrews_cl,1,0,1,0.0,0.0,0.0011290390375732714,1.0939187288819542e-08,1,0
carlitos_silvac,1,1,0,0.0,1.0,0.0011600037734645545,2.62540494931669e-07,1,0
carmen_hertz,1,1,0,0.0,3.0,0.0014161668394958823,0.22941135219366288,1,0
carmenrosselot,2,2,0,0.0,2.0,0.0021956021627174676,5.141418025745184e-07,1,0
carnecrudaradio,1,0,1,0.0,0.0,0.0011290390375732714,1.0939187288819542e-08,1,0
catasanmartinlc,1,1,0,0.0,1.0,0.0012028780231601772,2.62540494931669e-07,1,0
checho_hirane,1,0,1,0.0,0.0,0.0011290390375732714,1.0939187288819542e-08,1,0
cherrAL62,3,3,0,0.0,3.0,0.003079817398724108,7.657431102173682e-07,1,0
chvnoticias,2,0,2,0.0,0.0,0.0011290390375732714,1.0939187288819542e-08,1,0
ciper,1,0,1,0.0,0.0,0.0011290390375732714,1.0939187288819542e-08,1,0
claudiapineiro,1,0,1,0.0,0.0,0.0011290390375732714,1.0939187288819542e-08,1,0
clpstmith3,1,1,0,0.0,1.0,0.0013690157407307154,2.62540494931669e-07,1,0
codiguillos,1,1,0,0.0,1.0,0.001209031271959086,2.62540494931669e-07,1,0
copano,1,0,1,0.0,0.0,0.0011290390375732714,1.0939187288819542e-08,1,0
cristian_arayal,0,0,0,0.0,0.0,0.0011290390375732714,1.0939187288819542e-08,0,0
cristiancim,1,0,1,0.0,0.0,0.0011290390375732714,1.0939187288819542e-08,1,0
ctorresn,0,0,0,0.0,0.0,0.0011290390375732714,1.0939187288819542e-08,0,0
d3m0nr4v3n,1,1,0,0.0,1.0,0.002088945850203048,2.62540494931669e-07,1,0
danicvtez,1,1,0,0.0,1.5,0.0013753675970520213,3.0301548790030126e-06,1,0
danilofuents,1,1,0,0.0,1.0,0.00144900797511653,2.62540494931669e-07,1,0
danimanouchehri,2,1,1,6.308829838241603e-07,1.0,0.0012028780231601772,2.62540494931669e-07,2,0
ddeurieta,1,0,1,0.0,0.0,0.0011290390375732714,1.0939187288819542e-08,1,0
denguereturns,1,0,1,0.0,0.0,0.0011290390375732714,1.0939187288819542e-08,1,0
desbordes,2,0,2,0.0,0.0,0.0011290390375732714,1.0939187288819542e-08,1,0
difamadores,1,1,0,0.0,1.0,0.002088945850203048,2.62540494931669e-07,1,0
dschejtman,1,1,0,0.0,1.0,0.002088945850203048,2.62540494931669e-07,1,0
duque_neira,1,1,0,0.0,1.0,0.002088945850203048,2.62540494931669e-07,1,0
elchelito29,1,0,1,0.0,0.0,0.0011290390375732714,1.0939187288819542e-08,1,0
eldestapeweb,1,0,1,0.0,0.0,0.0011290390375732714,1.0939187288819542e-08,1,0
elliberocl,1,0,1,0.0,0.0,0.0011290390375732714,1.0939187288819542e-08,1,0
elmamertoeste,2,2,0,0.0,2.0,0.003048852662832825,5.141418025745184e-07,1,0
elpittttt,1,1,0,0.0,1.0,0.0016089924438881596,2.62540494931669e-07,1,0
elvillegaschile,1,1,0,0.0,1.0,0.0012028780231601772,2.62540494931669e-07,1,0
ernestorr,1,0,1,0.0,0.0,0.0011290390375732714,1.0939187288819542e-08,1,0
esCesarVidal,1,0,1,0.0,0.0,0.0011290390375732714,1.0939187288819542e-08,1,0
espinozacuellar,1,0,1,0.0,0.0,0.0011290390375732714,1.0939187288819542e-08,1,0
eugetale,1,1,0,0.0,1.0,0.002088945850203048,2.62540494931669e-07,1,0
evasanztoro,1,0,1,0.0,0.0,0.0011290390375732714,1.0939187288819542e-08,1,0
evelynmatthei,13,0,13,0.0,0.0,0.0011290390375732714,1.0939187288819542e-08,3,0
ezpektro48,1,1,0,0.0,1.0,0.0011600037734645545,2.62540494931669e-07,1,0
faustominoz,1,0,1,0.0,0.0,0.0011290390375732714,1.0939187288819542e-08,1,0
fede_debla,1,1,0,0.0,1.0,0.002088945850203048,2.62540494931669e-07,1,0
fedesturze,1,0,1,0.0,0.0,0.0011290390375732714,1.0939187288819542e-08,1,0
fernandoceronv,1,1,0,0.0,1.0,0.002088945850203048,2.62540494931669e-07,1,0
fidelsenador,2,0,2,0.0,0.0,0.0011290390375732714,1.0939187288819542e-08,2,0
franperez_co,2,1,1,1.0094127741186564e-05,1.0,0.002088945850203048,2.62540494931669e-07,1,0
gatobudin,0,0,0,0.0,0.0,0.0011290390375732714,1.0939187288819542e-08,0,0
gonzalowinter,1,0,1,0.0,0.0,0.0011290390375732714,1.0939187288819542e-08,1,0
grok,12,12,0,0.0,20.833333333333332,0.011747376895600929,0.2294667044813443,3,0
guti_remo1982,1,0,1,0.0,0.0,0.0011290390375732714,1.0939187288819542e-08,1,0
hagovconurbano,1,1,0,0.0,1.0,0.002088945850203048,2.62540494931669e-07,1,0
hazteoir,1,1,0,0.0,1.0,0.002088945850203048,2.62540494931669e-07,1,0
hernan_sr,3,2,1,5.047063870593282e-06,2.0,0.0016089924438881596,5.141418025745184e-07,1,0
honrubiahurtado,1,1,0,0.0,1.0,0.0013210204000992265,2.62540494931669e-07,1,0
huesodesepia,1,1,0,0.0,1.0,0.001235695350087691,2.62540494931669e-07,1,0
iC_A_D,1,1,0,0.0,1.0,0.0013690157407307154,2.62540494931669e-07,1,0
icevainillaice,1,1,0,0.0,1.0,0.002088945850203048,2.62540494931669e-07,1,0
indignadoxd,1,0,1,0.0,0.0,0.0011290390375732714,1.0939187288819542e-08,1,0
itswiftrp,1,0,1,0.0,0.0,0.0011290390375732714,1.0939187288819542e-08,1,0
ivanmoreirab,1,0,1,0.0,0.0,0.0011290390375732714,1.0939187288819542e-08,1,0
jakastadriasola,1,0,1,0.0,0.0,0.0011290390375732714,1.0939187288819542e-08,1,0
janomatusmc,2,2,0,0.0,2.0,0.0017156487564025794,5.141418025745184e-07,2,0
javierlanari,1,0,1,0.0,0.0,0.0011290390375732714,1.0939187288819542e-08,1,0
jcarreraandrade,1,0,1,0.0,0.0,0.0011290390375732714,1.0939187288819542e-08,1,0
jdelrio70,1,1,0,0.0,1.0,0.0012028780231601772,2.62540494931669e-07,1,0
jeannette_jara,5,1,4,7.31824261236026e-05,2.5,0.0014161668394958823,0.22941135219366288,2,0
jeonginmoonie,0,0,0,0.0,0.0,0.0011290390375732714,1.0939187288819542e-08,0,0
jjsm80,0,0,0,0.0,0.0,0.0011290390375732714,1.0939187288819542e-08,0,0
jlespert,2,0,2,0.0,0.0,0.0011290390375732714,1.0939187288819542e-08,1,0
jmtelechea,1,0,1,0.0,0.0,0.0011290390375732714,1.0939187288819542e-08,1,0
jorge_kato,2,2,0,0.0,2.0,0.003048852662832825,5.141418025745184e-07,1,0
joseantoniokast,4,0,4,0.0,0.0,0.0011290390375732714,1.0939187288819542e-08,2,0
jpe1210,1,1,0,0.0,1.0,0.0013690157407307154,2.62540494931669e-07,1,0
jpjaramillo25,1,0,1,0.0,0.0,0.0011290390375732714,1.0939187288819542e-08,1,0
juanegor,2,2,0,0.0,2.0,0.0016828314294750656,5.141418025745184e-07,2,0
juanfrandelafoc,1,0,1,0.0,0.0,0.0011290390375732714,1.0939187288819542e-08,1,0
juangamonalh,1,1,0,0.0,1.0,0.0011600037734645545,2.62540494931669e-07,1,0
kawally,2,2,0,0.0,2.0,0.0021489400259924094,5.141418025745184e-07,1,0
kebensperger,1,0,1,0.0,0.0,0.0011290390375732714,1.0939187288819542e-08,1,0
kikemireles,1,1,0,0.0,1.0,0.002088945850203048,2.62540494931669e-07,1,0
klbun,1,1,0,0.0,1.0,0.001235695350087691,2.62540494931669e-07,1,0
kun_mugai,1,1,0,0.0,4.833333333333333,0.0015058801402937302,0.22941688742243102,1,0
kurketo64,1,1,0,0.0,1.0,0.002088945850203048,2.62540494931669e-07,1,0
la9deSanti,1,0,1,0.0,0.0,0.0011290390375732714,1.0939187288819542e-08,1,0
la_grenitas,1,1,0,0.0,1.0,0.002088945850203048,2.62540494931669e-07,1,0
labeasanchez,1,0,1,0.0,0.0,0.0011290390375732714,1.0939187288819542e-08,1,0
lacuarta,2,0,2,0.0,0.0,0.0011290390375732714,1.0939187288819542e-08,1,0
laderechadiario,3,0,3,0.0,0.0,0.0011290390375732714,1.0939187288819542e-08,1,0
ladoblevara_,1,0,1,0.0,0.0,0.0011290390375732714,1.0939187288819542e-08,1,0
laromadelsur,1,0,1,0.0,0.0,0.0011290390375732714,1.0939187288819542e-08,1,0
latercera,9,0,9,0.0,0.0,0.0011290390375732714,1.0939187288819542e-08,3,0
laubfal,1,0,1,0.0,0.0,0.0011290390375732714,1.0939187288819542e-08,1,0
lilialemoine,1,0,1,0.0,0.0,0.0011290390375732714,1.0939187288819542e-08,1,0
lore_mezza,1,1,0,0.0,1.0,0.001209031271959086,2.62540494931669e-07,1,0
lorensofie,1,1,0,0.0,1.0,0.0011600037734645545,2.62540494931669e-07,1,0
lorenzocordovav,1,0,1,0.0,0.0,0.0011290390375732714,1.0939187288819542e-08,1,0
luis_toro_t,1,1,0,0.0,1.0,0.0012028780231601772,2.62540494931669e-07,1,0
luisingermanico,1,1,0,0.0,1.0,0.0011600037734645545,2.62540494931669e-07,1,0
malenadelosrios,1,0,1,0.0,0.0,0.0011290390375732714,1.0939187288819542e-08,1,0
maps_black,4,0,4,0.0,0.0,0.0011290390375732714,1.0939187288819542e-08,1,0
marce0ecram,1,1,0,0.0,2.333333333333333,0.002771793314782624,2.517106995157377e-05,1,0
marcelo4ok,1,1,0,0.0,1.0,0.00144900797511653,2.62540494931669e-07,1,0
marcoporchile,1,0,1,0.0,0.0,0.0011290390375732714,1.0939187288819542e-08,1,0
mariancarbone,1,0,1,0.0,0.0,0.0011290390375732714,1.0939187288819542e-08,1,0
marianoGottig,1,1,0,0.0,1.0,0.002088945850203048,2.62540494931669e-07,1,0
marianoperez912,1,0,1,0.0,0.0,0.0011290390375732714,1.0939187288819542e-08,1,0
mario4thenorth,1,1,0,0.0,1.0,0.002088945850203048,2.62540494931669e-07,1,0
mario_dico50,2,0,2,0.0,0.0,0.0011290390375732714,1.0939187288819542e-08,1,0
martaxsad,0,0,0,0.0,0.0,0.0011290390375732714,1.0939187288819542e-08,0,0
marthalamartha,0,0,0,0.0,0.0,0.0011290390375732714,1.0939187288819542e-08,0,0
marthaperaltae,1,0,1,0.0,0.0,0.0011290390375732714,1.0939187288819542e-08,1,0
marthicamuvdi,1,0,1,0.0,0.0,0.0011290390375732714,1.0939187288819542e-08,1,0
martin197508,1,1,0,0.0,1.0,0.0012490273891519934,2.62540494931669e-07,1,0
martintetaz,1,0,1,0.0,0.0,0.0011290390375732714,1.0939187288819542e-08,1,0
matias_tl,1,1,0,0.0,1.0,0.002088945850203048,2.62540494931669e-07,1,0
matiasgarciard,1,0,1,0.0,0.0,0.0011290390375732714,1.0939187288819542e-08,1,0
matiasoberlin,2,0,2,0.0,0.0,0.0011290390375732714,1.0939187288819542e-08,1,0
matiastoledoh,1,0,1,0.0,0.0,0.0011290390375732714,1.0939187288819542e-08,1,0
maticrisis,1,0,1,0.0,0.0,0.0011290390375732714,1.0939187288819542e-08,1,0
matmeyer85,2,2,0,0.0,2.0,0.0015090021509058913,5.141418025745184e-07,2,0
mattsalic,2,1,1,2.523531935296641e-06,1.0,0.002088945850203048,2.62540494931669e-07,1,0
mauriciomacri,1,0,1,0.0,0.0,0.0011290390375732714,1.0939187288819542e-08,1,0
mauricioriveros,1,1,0,0.0,1.0,0.0011890332133626324,2.62540494931669e-07,1,0
mauroandinoe,2,2,0,0.0,2.0,0.003048852662832825,5.141418025745184e-07,1,0
mauroszeta,1,0,1,0.0,0.0,0.0011290390375732714,1.0939187288819542e-08,1,0
maylwino,1,0,1,0.0,0.0,0.0011290390375732714,1.0939187288819542e-08,1,0
mayorcete,1,1,0,0.0,1.0,0.002088945850203048,2.62540494931669e-07,1,0
mcaiconte03,1,1,0,0.0,1.0,0.002088945850203048,2.62540494931669e-07,1,0
mcarballido10,1,1,0,0.0,1.0,0.002088945850203048,2.62540494931669e-07,1,0
medixi,1,1,0,0.0,4.833333333333333,0.0015058801402937302,0.22941688742243102,1,0
meganoticiascl,4,0,4,0.0,0.0,0.0011290390375732714,1.0939187288819542e-08,2,0
micolpontiero,1,1,0,0.0,1.0,0.0016089924438881596,2.62540494931669e-07,1,0
mmlagoscc,1,0,1,0.0,0.0,0.0011290390375732714,1.0939187288819542e-08,1,0
mochifede,1,0,1,0.0,0.0,0.0011290390375732714,1.0939187288819542e-08,1,0
mondomo79,1,1,0,0.0,1.0,0.001209031271959086,2.62540494931669e-07,1,0
monkeyd_mm,1,1,0,0.0,1.0,0.002088945850203048,2.62540494931669e-07,1,0
monstruoderecha,1,1,0,0.0,1.5,0.0029041538044949694,3.0301548790030126e-06,1,0
morenoparalavic,1,0,1,0.0,0.0,0.0011290390375732714,1.0939187288819542e-08,1,0
nacional_memes,1,0,1,0.0,0.0,0.0011290390375732714,1.0939187288819542e-08,1,0
nataralesa,1,1,0,0.0,1.0,0.002088945850203048,2.62540494931669e-07,1,0
negakai,1,0,1,0.0,0.0,0.0011290390375732714,1.0939187288819542e-08,1,0
negromujica,3,3,0,0.0,3.0,0.0025688992565179366,7.657431102173682e-07,2,0
nicoesquibel,1,0,1,0.0,0.0,0.0011290390375732714,1.0939187288819542e-08,1,0
nicopaut,1,0,1,0.0,0.0,0.0011290390375732714,1.0939187288819542e-08,1,0
novuelvesdelsur,1,1,0,0.0,1.0,0.0016089924438881596,2.62540494931669e-07,1,0
observatorio14,1,1,0,0.0,1.0,0.002088945850203048,2.62540494931669e-07,1,0
omarmaluk,0,0,0,0.0,0.0,0.0011290390375732714,1.0939187288819542e-08,0,0
oscar_puente_,1,0,1,0.0,0.0,0.0011290390375732714,1.0939187288819542e-08,1,0
pacoperkin,1,1,0,0.0,1.0,0.0016089924438881596,2.62540494931669e-07,1,0
pacormolina,1,1,0,0.0,1.0,0.002088945850203048,2.62540494931669e-07,1,0
pameli30,2,2,0,0.0,2.0,0.002088945850203048,5.141418025745184e-07,1,0
patricia_ariasc,1,1,0,0.0,1.0,0.00144900797511653,2.62540494931669e-07,1,0
pazzztabase,1,1,0,0.0,1.5,0.002190846844489538,3.0301548790030126e-06,1,0
pcmperu,1,0,1,0.0,0.0,0.0011290390375732714,1.0939187288819542e-08,1,0
petrogustavo,12,0,12,0.0,0.0,0.0011290390375732714,1.0939187288819542e-08,1,0
poiera,1,1,0,0.0,1.5,0.0013753675970520213,3.0301548790030126e-06,1,0
porqueTTarg,1,0,1,0.0,0.0,0.0011290390375732714,1.0939187288819542e-08,1,0
porquetendencia,1,0,1,0.0,0.0,0.0011290390375732714,1.0939187288819542e-08,1,0
potiVS,1,1,0,0.0,1.0,0.0016089924438881596,2.62540494931669e-07,1,0
pparcos1,1,0,1,0.0,0.0,0.0011290390375732714,1.0939187288819542e-08,1,0
racomo1965,1,1,0,0.0,1.0,0.0011600037734645545,2.62540494931669e-07,1,0
radio_pichincha,1,0,1,0.0,0.0,0.0011290390375732714,1.0939187288819542e-08,1,0
ravilusa,1,1,0,0.0,1.0,0.0011600037734645545,2.62540494931669e-07,1,0
realsantig,1,1,0,0.0,1.0,0.001209031271959086,2.62540494931669e-07,1,0
rectaprovincia,2,2,0,0.0,2.5,0.0031441305076524134,3.281756186645862e-06,1,0
riachuelodelsur,1,1,0,0.0,1.0,0.001235695350087691,2.62540494931669e-07,1,0
ricardosansilva,1,0,1,0.0,0.0,0.0011290390375732714,1.0939187288819542e-08,1,0
ricsanmartin,1,1,0,0.0,1.0,0.002088945850203048,2.62540494931669e-07,1,0
riellodecba,1,1,0,0.0,1.0,0.002088945850203048,2.62540494931669e-07,1,0
ro_syyy,1,1,0,0.0,1.0,0.002088945850203048,2.62540494931669e-07,1,0
rodolfo_garciac,1,1,0,0.0,1.0,0.001235695350087691,2.62540494931669e-07,1,0
rosales10059,1,1,0,0.0,1.0,0.002088945850203048,2.62540494931669e-07,1,0
samtrottierr,1,0,1,0.0,0.0,0.0011290390375732714,1.0939187288819542e-08,1,0
sanchezcastejon,1,0,1,0.0,0.0,0.0011290390375732714,1.0939187288819542e-08,1,0
sanchezdiputado,1,0,1,0.0,0.0,0.0011290390375732714,1.0939187288819542e-08,1,0
sandravlv,1,1,0,0.0,1.0,0.0016089924438881596,2.62540494931669e-07,1,0
santiagoangelp,1,0,1,0.0,0.0,0.0011290390375732714,1.0939187288819542e-08,1,0
santiagolali,1,1,0,0.0,1.0,0.002088945850203048,2.62540494931669e-07,1,0
santiagorivaroy,1,0,1,0.0,0.0,0.0011290390375732714,1.0939187288819542e-08,1,0
santisiri,4,2,2,2.271178741766977e-05,2.5,0.003864060617124746,3.281756186645862e-06,1,0
santitatogh24,1,1,0,0.0,1.0,0.002088945850203048,2.62540494931669e-07,1,0
santiuribedel,3,3,0,0.0,3.0,0.0033688216003760836,7.657431102173682e-07,1,0
santiuribedel10,4,3,1,7.570595805889923e-06,3.0,0.0026488914909037512,7.657431102173682e-07,1,0
sebastian_gray,1,1,0,0.0,1.0,0.00144900797511653,2.62540494931669e-07,1,0
sick_durden,3,3,0,0.0,4.0,0.0033767020177407673,6.3009718783600595e-06,1,0
sicyq,1,0,1,0.0,0.0,0.0011290390375732714,1.0939187288819542e-08,1,0
simonni17,6,6,0,0.0,7.5,0.004447494081452716,0.22941188821384,2,0
slcaputo,1,0,1,0.0,0.0,0.0011290390375732714,1.0939187288819542e-08,1,0
smaciasr,1,1,0,0.0,1.0,0.002088945850203048,2.62540494931669e-07,1,0
smilelalis,1,0,1,0.0,0.0,0.0011290390375732714,1.0939187288819542e-08,1,0
solo_gemma,2,2,0,0.0,2.0,0.0023289225533604926,5.141418025745184e-07,1,0
somoscorta,1,0,1,0.0,0.0,0.0011290390375732714,1.0939187288819542e-08,1,0
sovietanjiro,1,0,1,0.0,0.0,0.0011290390375732714,1.0939187288819542e-08,1,0
ssuudp,0,0,0,0.0,0.0,0.0011290390375732714,1.0939187288819542e-08,0,0
st4nleydeM1ller,1,1,0,0.0,1.0,0.002088945850203048,2.62540494931669e-07,1,0
stalin_gonzalez,1,0,1,0.0,0.0,0.0011290390375732714,1.0939187288819542e-08,1,0
stanleybostero,2,2,0,0.0,2.0,0.002408914787746307,5.141418025745184e-07,1,0
stewartcastro,1,1,0,0.0,2.0,0.0024965498273490086,5.797769263074357e-06,1,0
subtepass,1,1,0,0.0,1.0,0.002088945850203048,2.62540494931669e-07,1,0
suncitylouis,1,0,1,0.0,0.0,0.0011290390375732714,1.0939187288819542e-08,1,0
surpatagon,1,1,0,0.0,1.0,0.0013690157407307154,2.62540494931669e-07,1,0
surubidelnorte,1,1,0,0.0,1.0,0.002088945850203048,2.62540494931669e-07,1,0
sylviabucher,1,1,0,0.0,1.0,0.002088945850203048,2.62540494931669e-07,1,0
tatilucci,2,2,0,0.0,2.5,0.003864060617124746,3.2817561866458615e-06,1,0
teacher2o23,1,1,0,0.0,1.0,0.0013210204000992265,2.62540494931669e-07,1,0
tejko1985,1,0,1,0.0,0.0,0.0011290390375732714,1.0939187288819542e-08,1,0
thecliniccl,6,0,6,0.0,0.0,0.0011290390375732714,1.0939187288819542e-08,2,0
traviejita_,2,1,1,2.523531935296641e-06,1.0,0.002088945850203048,2.62540494931669e-07,1,0
tuitsfalsos,1,0,1,0.0,0.0,0.0011290390375732714,1.0939187288819542e-08,1,0
valientesu,1,1,0,0.0,1.0,0.0011600037734645545,2.62540494931669e-07,1,0
vanessakaiser22,1,0,1,0.0,0.0,0.0011290390375732714,1.0939187288819542e-08,1,0
vannessarr,1,0,1,0.0,0.0,0.0011290390375732714,1.0939187288819542e-08,1,0
veroloren,1,1,0,0.0,1.0,0.002088945850203048,2.62540494931669e-07,1,0
victortin,1,0,1,0.0,0.0,0.0011290390375732714,1.0939187288819542e-08,1,0
vidalcvale,1,0,1,0.0,0.0,0.0011290390375732714,1.0939187288819542e-08,1,0
vivca100,1,1,0,0.0,3.5,0.002120944873338984,1.4100612415288392e-05,1,0
wallstwolverine,1,0,1,0.0,0.0,0.0011290390375732714,1.0939187288819542e-08,1,0
wiesenthal1632,0,0,0,0.0,0.0,0.0011290390375732714,1.0939187288819542e-08,0,0
willanRSC,1,0,1,0.0,0.0,0.0011290390375732714,1.0939187288819542e-08,1,0
yocontratodo,1,1,0,0.0,1.0,0.002088945850203048,2.62540494931669e-07,1,0
yuyufernan,1,1,0,0.0,1.0,0.00144900797511653,2.62540494931669e-07,1,0
ziliava,1,0,1,0.0,0.0,0.0011290390375732714,1.0939187288819542e-08,1,0
zorrotapatio,0,0,0,0.0,0.0,0.0011290390375732714,1.0939187288819542e-08,0,0
